﻿AEA,AEA_NAME,COUNTY,COUNTY NAME,DISTRICT NUMBER,DISTRICT NAME,Total PK12,White Total,Percent Not White
07,Central Rivers AEA,42,Hardin,0009,AGWSR,699,642,0.082
11,Heartland AEA,39,Guthrie,0018,Adair-Casey,260,233,0.104
11,Heartland AEA,25,Dallas,0027,Adel DeSoto Minburn,2110,1966,0.068
12,Northwest AEA,75,Plymouth,0063,Akron Westfield,589,520,0.117
05,Prairie Lakes AEA,11,Buena Vista,0072,Albert City-Truesdale,117,90,0.231
15,Great Prairie AEA,68,Monroe,0081,Albia,1192,1081,0.093
10,Grant Wood AEA,57,Linn,0099,Alburnett,706,679,0.038
07,Central Rivers AEA,42,Hardin,0108,Alden,169,152,0.101
05,Prairie Lakes AEA,55,Kossuth,0126,Algona,1519,1387,0.087
01,Keystone AEA,03,Allamakee,0135,Allamakee,1129,1075,0.048
07,Central Rivers AEA,12,Butler,0153,North Butler,563,536,0.048
05,Prairie Lakes AEA,11,Buena Vista,0171,Alta-Aurelia,829,636,0.233
11,Heartland AEA,85,Story,0225,Ames,4709,3060,0.350
10,Grant Wood AEA,53,Jones,0234,Anamosa,1229,1119,0.090
09,Mississippi Bend AEA,49,Jackson,0243,Andrew,157,156,0.006
11,Heartland AEA,77,Polk,0261,Ankeny,12188,10051,0.175
07,Central Rivers AEA,12,Butler,0279,Aplington-Parkersburg,862,819,0.050
05,Prairie Lakes AEA,32,Emmet,0333,North Union,336,305,0.092
12,Northwest AEA,24,Crawford,0355,Ar-We-Va,246,198,0.195
13,Green Hills AEA,15,Cass,0387,Atlantic,1491,1342,0.100
11,Heartland AEA,05,Audubon,0414,Audubon,533,485,0.090
13,Green Hills AEA,78,Pottawattamie,0441,AHSTW,735,676,0.080
11,Heartland AEA,85,Story,0472,Ballard,1850,1733,0.063
11,Heartland AEA,50,Jasper,0513,Baxter,463,438,0.054
07,Central Rivers AEA,38,Grundy,0540,BCLUW,540,503,0.069
13,Green Hills AEA,87,Taylor,0549,Bedford,520,499,0.040
10,Grant Wood AEA,06,Benton,0576,Belle Plaine,488,452,0.074
09,Mississippi Bend AEA,49,Jackson,0585,Bellevue,767,725,0.055
07,Central Rivers AEA,99,Wright,0594,Belmond-Klemme,719,483,0.328
09,Mississippi Bend AEA,16,Cedar,0603,Bennett,90,85,0.056
10,Grant Wood AEA,06,Benton,0609,Benton,1617,1495,0.075
09,Mississippi Bend AEA,82,Scott,0621,Bettendorf,4719,3444,0.270
15,Great Prairie AEA,90,Wapello,0657,Eddyville-Blakesburg- Fremont,971,918,0.055
11,Heartland AEA,77,Polk,0720,Bondurant-Farrar,2509,2186,0.129
11,Heartland AEA,08,Boone,0729,Boone,1952,1710,0.124
12,Northwest AEA,84,Sioux,0747,Boyden-Hull,681,500,0.266
07,Central Rivers AEA,41,Hancock,0819,West Hancock,623,495,0.205
07,Central Rivers AEA,79,Poweshiek,0846,Brooklyn-Guernsey-Malcom,589,548,0.070
07,Central Rivers AEA,95,Winnebago,0873,North Iowa,451,398,0.118
15,Great Prairie AEA,29,Des Moines,0882,Burlington,3319,2132,0.358
13,Green Hills AEA,15,Cass,0914,CAM,1399,1177,0.159
07,Central Rivers AEA,35,Franklin,0916,CAL,146,85,0.418
09,Mississippi Bend AEA,23,Clinton,0918,Calamus-Wheatland,453,426,0.060
09,Mississippi Bend AEA,23,Clinton,0936,Camanche,944,853,0.096
15,Great Prairie AEA,90,Wapello,0977,Cardinal,1066,949,0.110
11,Heartland AEA,91,Warren,0981,Carlisle,2262,1901,0.160
11,Heartland AEA,14,Carroll,0999,Carroll,1867,1609,0.138
07,Central Rivers AEA,07,Black Hawk,1044,Cedar Falls,5808,4820,0.170
10,Grant Wood AEA,57,Linn,1053,Cedar Rapids,15786,9516,0.397
10,Grant Wood AEA,57,Linn,1062,Center Point-Urbana,1541,1428,0.073
15,Great Prairie AEA,04,Appanoose,1071,Centerville,1363,1247,0.085
15,Great Prairie AEA,56,Lee,1079,Central Lee,1199,1118,0.068
01,Keystone AEA,22,Clayton,1080,Central,434,406,0.065
09,Mississippi Bend AEA,23,Clinton,1082,Central DeWitt,1603,1453,0.094
10,Grant Wood AEA,57,Linn,1089,Central City,480,453,0.056
13,Green Hills AEA,27,Decatur,1093,Central Decatur,704,672,0.045
12,Northwest AEA,60,Lyon,1095,Central Lyon,779,728,0.065
15,Great Prairie AEA,59,Lucas,1107,Chariton,1255,1170,0.068
07,Central Rivers AEA,34,Floyd,1116,Charles City,1632,1230,0.246
12,Northwest AEA,24,Crawford,1134,Charter Oak-Ute,196,185,0.056
12,Northwest AEA,18,Cherokee,1152,Cherokee,1162,995,0.144
13,Green Hills AEA,73,Page,1197,Clarinda,1085,950,0.124
05,Prairie Lakes AEA,99,Wright,1206,Clarion-Goldfield-Dows,991,593,0.402
13,Green Hills AEA,20,Clarke,1211,Clarke,1339,828,0.382
07,Central Rivers AEA,12,Butler,1215,Clarksville,297,285,0.040
05,Prairie Lakes AEA,21,Clay,1218,Clay Central-Everly,73,70,0.041
10,Grant Wood AEA,52,Johnson,1221,Clear Creek Amana,2823,2250,0.203
07,Central Rivers AEA,17,Cerro Gordo,1233,Clear Lake,1482,1259,0.150
09,Mississippi Bend AEA,23,Clinton,1278,Clinton,3504,2502,0.286
11,Heartland AEA,50,Jasper,1332,Colfax-Mingo,730,661,0.095
10,Grant Wood AEA,57,Linn,1337,College,5669,4316,0.239
11,Heartland AEA,85,Story,1350,Collins-Maxwell,390,346,0.113
11,Heartland AEA,85,Story,1359,Colo-NESCO,406,377,0.071
09,Mississippi Bend AEA,58,Louisa,1368,Columbus,683,197,0.712
11,Heartland AEA,14,Carroll,1413,Coon Rapids-Bayard,431,394,0.086
13,Green Hills AEA,02,Adams,1431,Corning,420,395,0.060
13,Green Hills AEA,78,Pottawattamie,1476,Council Bluffs,8910,6757,0.242
13,Green Hills AEA,88,Union,1503,Creston,1472,1313,0.108
11,Heartland AEA,25,Dallas,1576,Dallas Center-Grimes,3521,3124,0.113
15,Great Prairie AEA,29,Des Moines,1602,Danville,713,668,0.063
09,Mississippi Bend AEA,82,Scott,1611,Davenport,14609,7762,0.469
15,Great Prairie AEA,26,Davis,1619,Davis County,1261,1192,0.055
01,Keystone AEA,96,Winneshiek,1638,Decorah Community,1665,1513,0.091
09,Mississippi Bend AEA,23,Clinton,1675,Delwood,150,135,0.100
12,Northwest AEA,24,Crawford,1701,Denison,2323,700,0.699
07,Central Rivers AEA,09,Bremer,1719,Denver,939,907,0.034
11,Heartland AEA,77,Polk,1737,Des Moines Independent,31720,11236,0.646
13,Green Hills AEA,80,Ringgold,1782,Diagonal,136,131,0.037
07,Central Rivers AEA,38,Grundy,1791,Dike-New Hartford,935,882,0.057
01,Keystone AEA,31,Dubuque,1863,Dubuque,10746,8179,0.239
07,Central Rivers AEA,07,Black Hawk,1908,Dunkerton,402,362,0.100
13,Green Hills AEA,43,Harrison,1917,Boyer Valley,409,368,0.100
09,Mississippi Bend AEA,16,Cedar,1926,Durant,634,603,0.049
05,Prairie Lakes AEA,99,Wright,1944,Eagle Grove,1000,591,0.409
11,Heartland AEA,61,Madison,1953,Earlham,632,588,0.070
07,Central Rivers AEA,10,Buchanan,1963,East Buchanan,593,566,0.046
09,Mississippi Bend AEA,49,Jackson,1965,Easton Valley,479,448,0.065
07,Central Rivers AEA,64,Marshall,1968,East Marshall,787,689,0.125
13,Green Hills AEA,88,Union,1970,East Union,541,496,0.083
01,Keystone AEA,03,Allamakee,1972,Eastern Allamakee,329,305,0.073
12,Northwest AEA,97,Woodbury,1975,River Valley,410,380,0.073
01,Keystone AEA,28,Delaware,1989,Edgewood-Colesburg,530,502,0.053
07,Central Rivers AEA,42,Hardin,2007,Eldora-New Providence,529,470,0.112
05,Prairie Lakes AEA,74,Palo Alto,2088,Emmetsburg,778,692,0.111
10,Grant Wood AEA,48,Iowa,2097,English Valleys,484,428,0.116
13,Green Hills AEA,73,Page,2113,Essex,190,177,0.068
05,Prairie Lakes AEA,32,Emmet,2124,Estherville Lincoln,1252,874,0.302
11,Heartland AEA,83,Shelby,2151,Exira-Elk Horn- Kimballton,362,348,0.039
15,Great Prairie AEA,51,Jefferson,2169,Fairfield,1611,1333,0.173
07,Central Rivers AEA,95,Winnebago,2295,Forest City,1132,968,0.145
05,Prairie Lakes AEA,94,Webster,2313,Fort Dodge,3789,2658,0.298
15,Great Prairie AEA,56,Lee,2322,Fort Madison,1842,1538,0.165
13,Green Hills AEA,36,Fremont,2369,Fremont-Mills,477,444,0.069
12,Northwest AEA,47,Ida,2376,Galva-Holstein,494,423,0.144
07,Central Rivers AEA,41,Hancock,2403,Garner-Hayfield-Ventura,980,898,0.084
12,Northwest AEA,60,Lyon,2457,George-Little Rock,399,346,0.133
11,Heartland AEA,85,Story,2466,Gilbert,1589,1395,0.122
05,Prairie Lakes AEA,46,Humboldt,2493,Gilmore City-Bradgate,137,121,0.117
07,Central Rivers AEA,38,Grundy,2502,Gladbrook-Reinbeck,485,450,0.072
13,Green Hills AEA,65,Mills,2511,Glenwood,2034,1911,0.060
11,Heartland AEA,14,Carroll,2520,Glidden-Ralston,356,336,0.056
05,Prairie Lakes AEA,74,Palo Alto,2556,Graettinger-Terril,360,341,0.053
13,Green Hills AEA,01,Adair,2673,Nodaway Valley,621,573,0.077
07,Central Rivers AEA,86,Tama,2682,GMG,483,437,0.095
07,Central Rivers AEA,79,Poweshiek,2709,Grinnell-Newburg,1622,1429,0.119
13,Green Hills AEA,15,Cass,2718,Griswold,437,407,0.069
07,Central Rivers AEA,38,Grundy,2727,Grundy Center,746,710,0.048
11,Heartland AEA,39,Guthrie,2754,Guthrie Center,483,446,0.077
01,Keystone AEA,22,Clayton,2763,Clayton Ridge,1432,1258,0.122
10,Grant Wood AEA,48,Iowa,2766,H-L-V,334,317,0.051
13,Green Hills AEA,48,Iowa,2772,Hamburg,135,122,0.096
07,Central Rivers AEA,35,Franklin,2781,Hampton-Dumont,1261,733,0.419
13,Green Hills AEA,83,Shelby,2826,Harlan,1504,1357,0.098
05,Prairie Lakes AEA,30,Dickinson,2846,Harris-Lake Park,345,321,0.070
12,Northwest AEA,71,O'Brien,2862,Hartley-Melvin-Sanborn,616,506,0.179
10,Grant Wood AEA,92,Washington,2977,Highland,578,523,0.095
12,Northwest AEA,75,Plymouth,2988,Hinton,810,775,0.043
01,Keystone AEA,45,Howard,3029,Howard-Winneshiek,1069,985,0.079
07,Central Rivers AEA,42,Hardin,3033,Hubbard-Radcliffe,413,366,0.114
07,Central Rivers AEA,07,Black Hawk,3042,Hudson,767,674,0.121
05,Prairie Lakes AEA,46,Humboldt,3060,Humboldt,1520,1307,0.140
07,Central Rivers AEA,10,Buchanan,3105,Independence,1472,1383,0.060
11,Heartland AEA,91,Warren,3114,Indianola,3612,3266,0.096
11,Heartland AEA,61,Madison,3119,Interstate 35,824,782,0.051
10,Grant Wood AEA,52,Johnson,3141,Iowa City,14428,7818,0.458
07,Central Rivers AEA,42,Hardin,3150,Iowa Falls,1249,1082,0.134
10,Grant Wood AEA,48,Iowa,3154,Iowa Valley,553,502,0.092
13,Green Hills AEA,14,Carroll,3168,IKM-Manning,711,673,0.053
07,Central Rivers AEA,09,Bremer,3186,Janesville Consolidated,459,441,0.039
05,Prairie Lakes AEA,37,Greene,3195,Greene County,1231,1090,0.115
07,Central Rivers AEA,10,Buchanan,3204,Jesup,1060,1027,0.031
11,Heartland AEA,77,Polk,3231,Johnston,7408,5203,0.298
15,Great Prairie AEA,56,Lee,3312,Keokuk,1863,1532,0.178
15,Great Prairie AEA,54,Keokuk,3330,Keota,323,303,0.062
12,Northwest AEA,75,Plymouth,3348,Kingsley-Pierson,454,400,0.119
11,Heartland AEA,63,Marion,3375,Knoxville,1683,1514,0.100
07,Central Rivers AEA,95,Winnebago,3420,Lake Mills,697,600,0.139
13,Green Hills AEA,27,Decatur,3465,Lamoni,336,288,0.143
05,Prairie Lakes AEA,76,Pocahontas,3537,Laurens-Marathon,125,91,0.272
12,Northwest AEA,97,Woodbury,3555,Lawton-Bronson,692,625,0.097
12,Northwest AEA,75,Plymouth,3600,Le Mars,2303,1749,0.241
13,Green Hills AEA,87,Taylor,3609,Lenox,502,376,0.251
13,Green Hills AEA,78,Pottawattamie,3645,Lewis Central,2966,2449,0.174
10,Grant Wood AEA,16,Cedar,3691,North Cedar,631,578,0.084
10,Grant Wood AEA,57,Linn,3715,Linn-Mar,7762,6024,0.224
10,Grant Wood AEA,57,Linn,3744,Lisbon,703,657,0.065
13,Green Hills AEA,43,Harrison,3798,Logan-Magnolia,678,647,0.046
10,Grant Wood AEA,52,Johnson,3816,Lone Tree,466,429,0.079
09,Mississippi Bend AEA,58,Louisa,3841,Louisa-Muscatine,840,738,0.121
05,Prairie Lakes AEA,55,Kossuth,3897,LuVerne,40,32,0.200
11,Heartland AEA,50,Jasper,3906,Lynnville-Sully,542,522,0.037
11,Heartland AEA,08,Boone,3942,Madrid,697,648,0.070
13,Green Hills AEA,65,Mills,3978,East Mills,451,414,0.082
05,Prairie Lakes AEA,13,Calhoun,4023,Manson Northwest Webster,782,737,0.058
12,Northwest AEA,67,Monona,4033,Maple Valley-Anthon Oto,646,587,0.091
09,Mississippi Bend AEA,49,Jackson,4041,Maquoketa,1381,1174,0.150
01,Keystone AEA,28,Delaware,4043,Maquoketa Valley,719,688,0.043
12,Northwest AEA,18,Cherokee,4068,Marcus-Meriden-Cleghorn,332,303,0.087
10,Grant Wood AEA,57,Linn,4086,Marion Independent,2190,1840,0.160
07,Central Rivers AEA,64,Marshall,4104,Marshalltown,5076,1650,0.675
11,Heartland AEA,91,Warren,4122,Martensdale-St Marys,552,520,0.058
07,Central Rivers AEA,17,Cerro Gordo,4131,Mason City,3641,2754,0.244
12,Northwest AEA,84,Sioux,4149,MOC-Floyd Valley,1529,1191,0.221
15,Great Prairie AEA,29,Des Moines,4203,Mediapolis,916,853,0.069
11,Heartland AEA,63,Marion,4212,Melcher-Dallas,356,344,0.034
10,Grant Wood AEA,53,Jones,4269,Midland,487,460,0.055
10,Grant Wood AEA,92,Washington,4271,Mid-Prairie,1429,1287,0.099
13,Green Hills AEA,43,Harrison,4356,Missouri Valley,794,721,0.092
01,Keystone AEA,22,Clayton,4419,MFL MarMac,861,820,0.048
07,Central Rivers AEA,79,Poweshiek,4437,Montezuma,495,466,0.059
10,Grant Wood AEA,53,Jones,4446,Monticello,1048,955,0.089
15,Great Prairie AEA,04,Appanoose,4491,Moravia,391,372,0.049
13,Green Hills AEA,93,Wayne,4505,Mormon Trail,203,196,0.034
15,Great Prairie AEA,58,Louisa,4509,Morning Sun,114,109,0.044
15,Great Prairie AEA,04,Appanoose,4518,Moulton-Udell,191,181,0.052
13,Green Hills AEA,80,Ringgold,4527,Mount Ayr,624,596,0.045
15,Great Prairie AEA,44,Henry,4536,Mount Pleasant,1904,1482,0.222
10,Grant Wood AEA,57,Linn,4554,Mount Vernon,1386,1260,0.091
13,Green Hills AEA,20,Clarke,4572,Murray,281,266,0.053
09,Mississippi Bend AEA,70,Muscatine,4581,Muscatine,4778,2918,0.389
07,Central Rivers AEA,19,Chickasaw,4599,Nashua-Plainfield,601,570,0.052
11,Heartland AEA,85,Story,4617,Nevada,1556,1296,0.167
05,Prairie Lakes AEA,11,Buena Vista,4644,Newell-Fonda,555,422,0.240
01,Keystone AEA,19,Chickasaw,4662,New Hampton,1029,903,0.122
15,Great Prairie AEA,44,Henry,4689,New London,570,514,0.098
11,Heartland AEA,50,Jasper,4725,Newton,2865,2392,0.165
07,Central Rivers AEA,98,Worth,4772,Central Springs,785,715,0.089
09,Mississippi Bend AEA,23,Clinton,4773,Northeast,889,853,0.040
01,Keystone AEA,33,Fayette,4774,North Fayette Valley,1070,985,0.079
15,Great Prairie AEA,62,Mahaska,4776,North Mahaska,593,571,0.037
10,Grant Wood AEA,57,Linn,4777,North Linn,568,553,0.026
05,Prairie Lakes AEA,55,Kossuth,4778,North Kossuth,301,264,0.123
11,Heartland AEA,77,Polk,4779,North Polk,1984,1853,0.066
09,Mississippi Bend AEA,82,Scott,4784,North Scott,3311,2887,0.128
07,Central Rivers AEA,86,Tama,4785,North Tama County,482,445,0.077
07,Central Rivers AEA,98,Worth,4788,Northwood-Kensett,578,507,0.123
11,Heartland AEA,91,Warren,4797,Norwalk,3353,2919,0.129
12,Northwest AEA,47,Ida,4860,Odebolt Arthur Battle Creek Ida Grove,983,930,0.054
01,Keystone AEA,33,Fayette,4869,Oelwein,1316,1124,0.146
11,Heartland AEA,08,Boone,4878,Ogden,729,698,0.043
05,Prairie Lakes AEA,30,Dickinson,4890,Okoboji,1192,1059,0.112
10,Grant Wood AEA,53,Jones,4905,Olin Consolidated,91,86,0.055
13,Green Hills AEA,01,Adair,4978,Orient-Macksburg,164,156,0.049
07,Central Rivers AEA,66,Mitchell,4995,Osage,975,918,0.058
15,Great Prairie AEA,62,Mahaska,5013,Oskaloosa,2126,1828,0.140
15,Great Prairie AEA,90,Wapello,5049,Ottumwa,4665,2631,0.436
11,Heartland AEA,39,Guthrie,5121,Panorama,723,676,0.065
05,Prairie Lakes AEA,37,Greene,5139,Paton-Churdan,221,203,0.081
11,Heartland AEA,50,Jasper,5160,PCM,1111,1051,0.054
15,Great Prairie AEA,54,Keokuk,5163,Pekin,706,660,0.065
11,Heartland AEA,63,Marion,5166,Pella,2416,2189,0.094
11,Heartland AEA,25,Dallas,5184,Perry,1769,747,0.578
09,Mississippi Bend AEA,82,Scott,5250,Pleasant Valley,5331,4074,0.236
11,Heartland AEA,63,Marion,5256,Pleasantville,704,657,0.067
05,Prairie Lakes AEA,76,Pocahontas,5283,Pocahontas Area,737,638,0.134
01,Keystone AEA,03,Allamakee,5310,Postville,739,219,0.704
05,Prairie Lakes AEA,94,Webster,5325,Prairie Valley,555,514,0.074
13,Green Hills AEA,69,Montgomery,5463,Red Oak,1056,921,0.128
12,Northwest AEA,75,Plymouth,5486,Remsen-Union,329,292,0.112
01,Keystone AEA,45,Howard,5508,Riceville,383,356,0.070
13,Green Hills AEA,78,Pottawattamie,5510,Riverside,631,556,0.119
12,Northwest AEA,84,Sioux,5607,Rock Valley,954,588,0.384
11,Heartland AEA,85,Story,5643,Roland-Story,1080,988,0.085
07,Central Rivers AEA,34,Floyd,5697,Rudd-Rockford-Marble Rk,410,380,0.073
05,Prairie Lakes AEA,74,Palo Alto,5724,Ruthven-Ayrshire,182,160,0.121
07,Central Rivers AEA,66,Mitchell,5751,St Ansgar,612,570,0.069
11,Heartland AEA,77,Polk,5805,Saydel,1309,984,0.248
05,Prairie Lakes AEA,81,Sac,5823,Schaller-Crestland,372,290,0.220
12,Northwest AEA,24,Crawford,5832,Schleswig,174,151,0.132
12,Northwest AEA,97,Woodbury,5877,Sergeant Bluff-Luton,1687,1381,0.181
15,Great Prairie AEA,93,Wayne,5895,Seymour,245,238,0.029
07,Central Rivers AEA,17,Cerro Gordo,5922,West Fork,755,702,0.070
12,Northwest AEA,71,O'Brien,5949,Sheldon,1205,893,0.259
13,Green Hills AEA,73,Page,5976,Shenandoah,1080,966,0.106
12,Northwest AEA,72,Osceola,5994,Sibley-Ocheyedan,766,589,0.231
13,Green Hills AEA,36,Fremont,6003,Sidney,509,471,0.075
15,Great Prairie AEA,54,Keokuk,6012,Sigourney,575,533,0.073
12,Northwest AEA,84,Sioux,6030,Sioux Center,1605,914,0.431
05,Prairie Lakes AEA,11,Buena Vista,6035,Sioux Central,660,574,0.130
12,Northwest AEA,97,Woodbury,6039,Sioux City,14941,6637,0.556
05,Prairie Lakes AEA,13,Calhoun,6091,South Central Calhoun,917,853,0.070
10,Grant Wood AEA,52,Johnson,6093,Solon,1515,1409,0.070
11,Heartland AEA,91,Warren,6094,Southeast Warren,493,468,0.051
05,Prairie Lakes AEA,40,Hamilton,6095,South Hamilton,688,596,0.134
05,Prairie Lakes AEA,94,Webster,6096,Southeast Webster Grand,527,495,0.061
13,Green Hills AEA,73,Page,6097,South Page,132,124,0.061
07,Central Rivers AEA,86,Tama,6098,South Tama County,1543,719,0.534
12,Northwest AEA,71,O'Brien,6099,South O'Brien,579,521,0.100
01,Keystone AEA,96,Winneshiek,6100,South Winneshiek,522,474,0.092
11,Heartland AEA,77,Polk,6101,Southeast Polk,7139,5585,0.218
05,Prairie Lakes AEA,21,Clay,6102,Spencer,2282,2008,0.120
05,Prairie Lakes AEA,30,Dickinson,6120,Spirit Lake,1289,1176,0.088
10,Grant Wood AEA,57,Linn,6138,Springville,434,410,0.055
13,Green Hills AEA,69,Montgomery,6165,Stanton,259,248,0.042
01,Keystone AEA,33,Fayette,6175,Starmont,604,564,0.066
05,Prairie Lakes AEA,11,Buena Vista,6219,Storm Lake,2890,420,0.855
05,Prairie Lakes AEA,40,Hamilton,6246,Stratford,64,61,0.047
11,Heartland AEA,39,Guthrie,6264,West Central Valley,859,738,0.141
07,Central Rivers AEA,09,Bremer,6273,Sumner-Fredericksburg,824,756,0.083
10,Grant Wood AEA,16,Cedar,6408,Tipton,977,923,0.055
13,Green Hills AEA,78,Pottawattamie,6453,Treynor,808,770,0.047
13,Green Hills AEA,78,Pottawattamie,6460,Tri-Center,713,684,0.041
15,Great Prairie AEA,54,Keokuk,6462,Tri-County,228,217,0.048
07,Central Rivers AEA,09,Bremer,6471,Tripoli,386,361,0.065
01,Keystone AEA,96,Winneshiek,6509,Turkey Valley,343,327,0.047
11,Heartland AEA,63,Marion,6512,Twin Cedars,328,306,0.067
05,Prairie Lakes AEA,46,Humboldt,6516,Twin Rivers,58,49,0.155
13,Green Hills AEA,78,Pottawattamie,6534,Underwood,802,749,0.066
07,Central Rivers AEA,07,Black Hawk,6536,Union,1027,954,0.071
11,Heartland AEA,08,Boone,6561,United,340,310,0.088
11,Heartland AEA,77,Polk,6579,Urbandale,4072,2811,0.310
15,Great Prairie AEA,89,Van Buren,6592,Van Buren County,823,790,0.040
11,Heartland AEA,25,Dallas,6615,Van Meter,972,914,0.060
13,Green Hills AEA,69,Montgomery,6651,Villisca,278,267,0.040
10,Grant Wood AEA,06,Benton,6660,Vinton-Shellsburg,1502,1398,0.069
15,Great Prairie AEA,44,Henry,6700,Waco,464,412,0.112
05,Prairie Lakes AEA,81,Sac,6741,East Sac County,806,758,0.060
15,Great Prairie AEA,58,Louisa,6759,Wapello,554,468,0.155
07,Central Rivers AEA,09,Bremer,6762,Wapsie Valley,738,719,0.026
10,Grant Wood AEA,92,Washington,6768,Washington,1644,1210,0.264
07,Central Rivers AEA,07,Black Hawk,6795,Waterloo,10741,4819,0.551
11,Heartland AEA,25,Dallas,6822,Waukee,11781,8809,0.252
07,Central Rivers AEA,09,Bremer,6840,Waverly-Shell Rock,2335,2128,0.089
15,Great Prairie AEA,93,Wayne,6854,Wayne,609,571,0.062
05,Prairie Lakes AEA,40,Hamilton,6867,Webster City,1855,1280,0.310
05,Prairie Lakes AEA,74,Palo Alto,6921,West Bend-Mallard,360,325,0.097
10,Grant Wood AEA,16,Cedar,6930,West Branch,829,725,0.125
15,Great Prairie AEA,29,Des Moines,6937,West Burlington Ind,965,717,0.257
01,Keystone AEA,33,Fayette,6943,West Central,288,263,0.087
01,Keystone AEA,28,Delaware,6950,West Delaware County,1395,1273,0.087
11,Heartland AEA,77,Polk,6957,West Des Moines,9248,5505,0.405
01,Keystone AEA,31,Dubuque,6961,Western Dubuque,3701,3394,0.083
13,Green Hills AEA,43,Harrison,6969,West Harrison,299,282,0.057
09,Mississippi Bend AEA,70,Muscatine,6975,West Liberty,1330,513,0.614
12,Northwest AEA,60,Lyon,6983,West Lyon,976,903,0.075
07,Central Rivers AEA,64,Marshall,6985,West Marshall,993,898,0.096
12,Northwest AEA,67,Monona,6987,West Monona,638,533,0.165
12,Northwest AEA,84,Sioux,6990,West Sioux,833,500,0.400
12,Northwest AEA,97,Woodbury,6992,Westwood,603,530,0.121
12,Northwest AEA,67,Monona,7002,Whiting,196,155,0.209
10,Grant Wood AEA,48,Iowa,7029,Williamsburg,1226,1078,0.121
09,Mississippi Bend AEA,70,Muscatine,7038,Wilton,942,848,0.100
15,Great Prairie AEA,44,Henry,7047,Winfield-Mt Union,412,371,0.100
11,Heartland AEA,61,Madison,7056,Winterset,1713,1596,0.068
13,Green Hills AEA,43,Harrison,7092,Woodbine,519,494,0.048
12,Northwest AEA,97,Woodbury,7098,Woodbury Central,584,555,0.050
11,Heartland AEA,25,Dallas,7110,Woodward-Granger,1192,1042,0.126
,,,,,State Total,506656,375173,0.260